"rhyme (S)","content (S)"
"chubby cheeks","Chubby cheeks, dimple chin, Rosy lips, teeth within, Curly hair, very fair, Eyes are blue, lovely too. Teachers pet, is that you? Yes Yes Yes! "
"humpty dumpty","Humpty Dumpty sat on a wall,
Humpty Dumpty had a great fall;
All the king's horses and all the king's men
Couldn't put Humpty together again.
"
"johny johny","Johny Johny
Yes Papa,
Eating sugar?
No Papa
Telling lies?
No Papa
Open your mouth
Ha! Ha! Ha!"
"one two","One, two,
Buckle my shoe;
Three, four,
Knock at the door;
Five, six,
Pick up sticks;
Seven, eight,
Lay them straight:
Nine, ten,
pat pat pat,
Nine ,ten,
A big fat hen."
"twinkle twinkle","twinkle twinkle little star , how I wonder what you are.
up above the world so high , like a diamond in the sky."
